cluster_id	purity
0	0.594267
1	0.484008
2	0.646307
3	0.461279
4	0.461279
5	0.446048
